#ISO	#Emoji	#Unicode	#Name
AD	ğŸ‡¦ğŸ‡©	U+1F1E6 U+1F1E9	Andorra
AE	ğŸ‡¦ğŸ‡ª	U+1F1E6 U+1F1EA	UnitedArabEmirates
AF	ğŸ‡¦ğŸ‡«	U+1F1E6 U+1F1EB	Afghanistan
AG	ğŸ‡¦ğŸ‡¬	U+1F1E6 U+1F1EC	AntiguaandBarbuda
AI	ğŸ‡¦ğŸ‡®	U+1F1E6 U+1F1EE	Anguilla
AL	ğŸ‡¦ğŸ‡±	U+1F1E6 U+1F1F1	Albania
AM	ğŸ‡¦ğŸ‡²	U+1F1E6 U+1F1F2	Armenia
AO	ğŸ‡¦ğŸ‡´	U+1F1E6 U+1F1F4	Angola
AQ	ğŸ‡¦ğŸ‡¶	U+1F1E6 U+1F1F6	Antarctica
AR	ğŸ‡¦ğŸ‡·	U+1F1E6 U+1F1F7	Argentina
AS	ğŸ‡¦ğŸ‡¸	U+1F1E6 U+1F1F8	AmericanSamoa
AT	ğŸ‡¦ğŸ‡¹	U+1F1E6 U+1F1F9	Austria
AU	ğŸ‡¦ğŸ‡º	U+1F1E6 U+1F1FA	Australia
AW	ğŸ‡¦ğŸ‡¼	U+1F1E6 U+1F1FC	Aruba
AX	ğŸ‡¦ğŸ‡½	U+1F1E6 U+1F1FD	Ã…landIslands
AZ	ğŸ‡¦ğŸ‡¿	U+1F1E6 U+1F1FF	Azerbaijan
BA	ğŸ‡§ğŸ‡¦	U+1F1E7 U+1F1E6	BosniaandHerzegovina
BB	ğŸ‡§ğŸ‡§	U+1F1E7 U+1F1E7	Barbados
BD	ğŸ‡§ğŸ‡©	U+1F1E7 U+1F1E9	Bangladesh
BE	ğŸ‡§ğŸ‡ª	U+1F1E7 U+1F1EA	Belgium
BF	ğŸ‡§ğŸ‡«	U+1F1E7 U+1F1EB	BurkinaFaso
BG	ğŸ‡§ğŸ‡¬	U+1F1E7 U+1F1EC	Bulgaria
BH	ğŸ‡§ğŸ‡­	U+1F1E7 U+1F1ED	Bahrain
BI	ğŸ‡§ğŸ‡®	U+1F1E7 U+1F1EE	Burundi
BJ	ğŸ‡§ğŸ‡¯	U+1F1E7 U+1F1EF	Benin
BL	ğŸ‡§ğŸ‡±	U+1F1E7 U+1F1F1	SaintBarthÃ©lemy
BM	ğŸ‡§ğŸ‡²	U+1F1E7 U+1F1F2	Bermuda
BN	ğŸ‡§ğŸ‡³	U+1F1E7 U+1F1F3	BruneiDarussalam
BO	ğŸ‡§ğŸ‡´	U+1F1E7 U+1F1F4	Bolivia
BQ	ğŸ‡§ğŸ‡¶	U+1F1E7 U+1F1F6	Bonaire,SintEustatiusandSaba
BR	ğŸ‡§ğŸ‡·	U+1F1E7 U+1F1F7	Brazil
BS	ğŸ‡§ğŸ‡¸	U+1F1E7 U+1F1F8	Bahamas
BT	ğŸ‡§ğŸ‡¹	U+1F1E7 U+1F1F9	Bhutan
BV	ğŸ‡§ğŸ‡»	U+1F1E7 U+1F1FB	BouvetIsland
BW	ğŸ‡§ğŸ‡¼	U+1F1E7 U+1F1FC	Botswana
BY	ğŸ‡§ğŸ‡¾	U+1F1E7 U+1F1FE	Belarus
BZ	ğŸ‡§ğŸ‡¿	U+1F1E7 U+1F1FF	Belize
CA	ğŸ‡¨ğŸ‡¦	U+1F1E8 U+1F1E6	Canada
CC	ğŸ‡¨ğŸ‡¨	U+1F1E8 U+1F1E8	Cocos(Keeling)Islands
CD	ğŸ‡¨ğŸ‡©	U+1F1E8 U+1F1E9	Congo
CF	ğŸ‡¨ğŸ‡«	U+1F1E8 U+1F1EB	CentralAfricanRepublic
CG	ğŸ‡¨ğŸ‡¬	U+1F1E8 U+1F1EC	Congo
CH	ğŸ‡¨ğŸ‡­	U+1F1E8 U+1F1ED	Switzerland
CI	ğŸ‡¨ğŸ‡®	U+1F1E8 U+1F1EE	CÃ´teD'Ivoire
CK	ğŸ‡¨ğŸ‡°	U+1F1E8 U+1F1F0	CookIslands
CL	ğŸ‡¨ğŸ‡±	U+1F1E8 U+1F1F1	Chile
CM	ğŸ‡¨ğŸ‡²	U+1F1E8 U+1F1F2	Cameroon
CN	ğŸ‡¨ğŸ‡³	U+1F1E8 U+1F1F3	China
CO	ğŸ‡¨ğŸ‡´	U+1F1E8 U+1F1F4	Colombia
CR	ğŸ‡¨ğŸ‡·	U+1F1E8 U+1F1F7	CostaRica
CU	ğŸ‡¨ğŸ‡º	U+1F1E8 U+1F1FA	Cuba
CV	ğŸ‡¨ğŸ‡»	U+1F1E8 U+1F1FB	CapeVerde
CW	ğŸ‡¨ğŸ‡¼	U+1F1E8 U+1F1FC	CuraÃ§ao
CX	ğŸ‡¨ğŸ‡½	U+1F1E8 U+1F1FD	ChristmasIsland
CY	ğŸ‡¨ğŸ‡¾	U+1F1E8 U+1F1FE	Cyprus
CZ	ğŸ‡¨ğŸ‡¿	U+1F1E8 U+1F1FF	CzechRepublic
DE	ğŸ‡©ğŸ‡ª	U+1F1E9 U+1F1EA	Germany
DJ	ğŸ‡©ğŸ‡¯	U+1F1E9 U+1F1EF	Djibouti
DK	ğŸ‡©ğŸ‡°	U+1F1E9 U+1F1F0	Denmark
DM	ğŸ‡©ğŸ‡²	U+1F1E9 U+1F1F2	Dominica
DO	ğŸ‡©ğŸ‡´	U+1F1E9 U+1F1F4	DominicanRepublic
DZ	ğŸ‡©ğŸ‡¿	U+1F1E9 U+1F1FF	Algeria
EC	ğŸ‡ªğŸ‡¨	U+1F1EA U+1F1E8	Ecuador
EE	ğŸ‡ªğŸ‡ª	U+1F1EA U+1F1EA	Estonia
EG	ğŸ‡ªğŸ‡¬	U+1F1EA U+1F1EC	Egypt
EH	ğŸ‡ªğŸ‡­	U+1F1EA U+1F1ED	WesternSahara
ER	ğŸ‡ªğŸ‡·	U+1F1EA U+1F1F7	Eritrea
ES	ğŸ‡ªğŸ‡¸	U+1F1EA U+1F1F8	Spain
ET	ğŸ‡ªğŸ‡¹	U+1F1EA U+1F1F9	Ethiopia
FI	ğŸ‡«ğŸ‡®	U+1F1EB U+1F1EE	Finland
FJ	ğŸ‡«ğŸ‡¯	U+1F1EB U+1F1EF	Fiji
FK	ğŸ‡«ğŸ‡°	U+1F1EB U+1F1F0	FalklandIslands(Malvinas)
FM	ğŸ‡«ğŸ‡²	U+1F1EB U+1F1F2	Micronesia
FO	ğŸ‡«ğŸ‡´	U+1F1EB U+1F1F4	FaroeIslands
FR	ğŸ‡«ğŸ‡·	U+1F1EB U+1F1F7	France
GA	ğŸ‡¬ğŸ‡¦	U+1F1EC U+1F1E6	Gabon
GB	ğŸ‡¬ğŸ‡§	U+1F1EC U+1F1E7	UnitedKingdom
GD	ğŸ‡¬ğŸ‡©	U+1F1EC U+1F1E9	Grenada
GE	ğŸ‡¬ğŸ‡ª	U+1F1EC U+1F1EA	Georgia
GF	ğŸ‡¬ğŸ‡«	U+1F1EC U+1F1EB	FrenchGuiana
GG	ğŸ‡¬ğŸ‡¬	U+1F1EC U+1F1EC	Guernsey
GH	ğŸ‡¬ğŸ‡­	U+1F1EC U+1F1ED	Ghana
GI	ğŸ‡¬ğŸ‡®	U+1F1EC U+1F1EE	Gibraltar
GL	ğŸ‡¬ğŸ‡±	U+1F1EC U+1F1F1	Greenland
GM	ğŸ‡¬ğŸ‡²	U+1F1EC U+1F1F2	Gambia
GN	ğŸ‡¬ğŸ‡³	U+1F1EC U+1F1F3	Guinea
GP	ğŸ‡¬ğŸ‡µ	U+1F1EC U+1F1F5	Guadeloupe
GQ	ğŸ‡¬ğŸ‡¶	U+1F1EC U+1F1F6	EquatorialGuinea
GR	ğŸ‡¬ğŸ‡·	U+1F1EC U+1F1F7	Greece
GS	ğŸ‡¬ğŸ‡¸	U+1F1EC U+1F1F8	SouthGeorgia
GT	ğŸ‡¬ğŸ‡¹	U+1F1EC U+1F1F9	Guatemala
GU	ğŸ‡¬ğŸ‡º	U+1F1EC U+1F1FA	Guam
GW	ğŸ‡¬ğŸ‡¼	U+1F1EC U+1F1FC	Guinea-Bissau
GY	ğŸ‡¬ğŸ‡¾	U+1F1EC U+1F1FE	Guyana
HK	ğŸ‡­ğŸ‡°	U+1F1ED U+1F1F0	HongKong
HM	ğŸ‡­ğŸ‡²	U+1F1ED U+1F1F2	HeardIslandandMcdonaldIslands
HN	ğŸ‡­ğŸ‡³	U+1F1ED U+1F1F3	Honduras
HR	ğŸ‡­ğŸ‡·	U+1F1ED U+1F1F7	Croatia
HT	ğŸ‡­ğŸ‡¹	U+1F1ED U+1F1F9	Haiti
HU	ğŸ‡­ğŸ‡º	U+1F1ED U+1F1FA	Hungary
ID	ğŸ‡®ğŸ‡©	U+1F1EE U+1F1E9	Indonesia
IE	ğŸ‡®ğŸ‡ª	U+1F1EE U+1F1EA	Ireland
IL	ğŸ‡®ğŸ‡±	U+1F1EE U+1F1F1	Israel
IM	ğŸ‡®ğŸ‡²	U+1F1EE U+1F1F2	IsleofMan
IN	ğŸ‡®ğŸ‡³	U+1F1EE U+1F1F3	India
IO	ğŸ‡®ğŸ‡´	U+1F1EE U+1F1F4	BritishIndianOceanTerritory
IQ	ğŸ‡®ğŸ‡¶	U+1F1EE U+1F1F6	Iraq
IR	ğŸ‡®ğŸ‡·	U+1F1EE U+1F1F7	Iran
IS	ğŸ‡®ğŸ‡¸	U+1F1EE U+1F1F8	Iceland
IT	ğŸ‡®ğŸ‡¹	U+1F1EE U+1F1F9	Italy
JE	ğŸ‡¯ğŸ‡ª	U+1F1EF U+1F1EA	Jersey
JM	ğŸ‡¯ğŸ‡²	U+1F1EF U+1F1F2	Jamaica
JO	ğŸ‡¯ğŸ‡´	U+1F1EF U+1F1F4	Jordan
JP	ğŸ‡¯ğŸ‡µ	U+1F1EF U+1F1F5	Japan
KE	ğŸ‡°ğŸ‡ª	U+1F1F0 U+1F1EA	Kenya
KG	ğŸ‡°ğŸ‡¬	U+1F1F0 U+1F1EC	Kyrgyzstan
KH	ğŸ‡°ğŸ‡­	U+1F1F0 U+1F1ED	Cambodia
KI	ğŸ‡°ğŸ‡®	U+1F1F0 U+1F1EE	Kiribati
KM	ğŸ‡°ğŸ‡²	U+1F1F0 U+1F1F2	Comoros
KN	ğŸ‡°ğŸ‡³	U+1F1F0 U+1F1F3	SaintKittsandNevis
KP	ğŸ‡°ğŸ‡µ	U+1F1F0 U+1F1F5	NorthKorea
KR	ğŸ‡°ğŸ‡·	U+1F1F0 U+1F1F7	SouthKorea
KW	ğŸ‡°ğŸ‡¼	U+1F1F0 U+1F1FC	Kuwait
KY	ğŸ‡°ğŸ‡¾	U+1F1F0 U+1F1FE	CaymanIslands
KZ	ğŸ‡°ğŸ‡¿	U+1F1F0 U+1F1FF	Kazakhstan
LA	ğŸ‡±ğŸ‡¦	U+1F1F1 U+1F1E6	LaoPeople'sDemocraticRepublic
LB	ğŸ‡±ğŸ‡§	U+1F1F1 U+1F1E7	Lebanon
LC	ğŸ‡±ğŸ‡¨	U+1F1F1 U+1F1E8	SaintLucia
LI	ğŸ‡±ğŸ‡®	U+1F1F1 U+1F1EE	Liechtenstein
LK	ğŸ‡±ğŸ‡°	U+1F1F1 U+1F1F0	SriLanka
LR	ğŸ‡±ğŸ‡·	U+1F1F1 U+1F1F7	Liberia
LS	ğŸ‡±ğŸ‡¸	U+1F1F1 U+1F1F8	Lesotho
LT	ğŸ‡±ğŸ‡¹	U+1F1F1 U+1F1F9	Lithuania
LU	ğŸ‡±ğŸ‡º	U+1F1F1 U+1F1FA	Luxembourg
LV	ğŸ‡±ğŸ‡»	U+1F1F1 U+1F1FB	Latvia
LY	ğŸ‡±ğŸ‡¾	U+1F1F1 U+1F1FE	Libya
MA	ğŸ‡²ğŸ‡¦	U+1F1F2 U+1F1E6	Morocco
MC	ğŸ‡²ğŸ‡¨	U+1F1F2 U+1F1E8	Monaco
MD	ğŸ‡²ğŸ‡©	U+1F1F2 U+1F1E9	Moldova
ME	ğŸ‡²ğŸ‡ª	U+1F1F2 U+1F1EA	Montenegro
MF	ğŸ‡²ğŸ‡«	U+1F1F2 U+1F1EB	SaintMartin(FrenchPart)
MG	ğŸ‡²ğŸ‡¬	U+1F1F2 U+1F1EC	Madagascar
MH	ğŸ‡²ğŸ‡­	U+1F1F2 U+1F1ED	MarshallIslands
MK	ğŸ‡²ğŸ‡°	U+1F1F2 U+1F1F0	Macedonia
ML	ğŸ‡²ğŸ‡±	U+1F1F2 U+1F1F1	Mali
MM	ğŸ‡²ğŸ‡²	U+1F1F2 U+1F1F2	Myanmar
MN	ğŸ‡²ğŸ‡³	U+1F1F2 U+1F1F3	Mongolia
MO	ğŸ‡²ğŸ‡´	U+1F1F2 U+1F1F4	Macao
MP	ğŸ‡²ğŸ‡µ	U+1F1F2 U+1F1F5	NorthernMarianaIslands
MQ	ğŸ‡²ğŸ‡¶	U+1F1F2 U+1F1F6	Martinique
MR	ğŸ‡²ğŸ‡·	U+1F1F2 U+1F1F7	Mauritania
MS	ğŸ‡²ğŸ‡¸	U+1F1F2 U+1F1F8	Montserrat
MT	ğŸ‡²ğŸ‡¹	U+1F1F2 U+1F1F9	Malta
MU	ğŸ‡²ğŸ‡º	U+1F1F2 U+1F1FA	Mauritius
MV	ğŸ‡²ğŸ‡»	U+1F1F2 U+1F1FB	Maldives
MW	ğŸ‡²ğŸ‡¼	U+1F1F2 U+1F1FC	Malawi
MX	ğŸ‡²ğŸ‡½	U+1F1F2 U+1F1FD	Mexico
MY	ğŸ‡²ğŸ‡¾	U+1F1F2 U+1F1FE	Malaysia
MZ	ğŸ‡²ğŸ‡¿	U+1F1F2 U+1F1FF	Mozambique
NA	ğŸ‡³ğŸ‡¦	U+1F1F3 U+1F1E6	Namibia
NC	ğŸ‡³ğŸ‡¨	U+1F1F3 U+1F1E8	NewCaledonia
NE	ğŸ‡³ğŸ‡ª	U+1F1F3 U+1F1EA	Niger
NF	ğŸ‡³ğŸ‡«	U+1F1F3 U+1F1EB	NorfolkIsland
NG	ğŸ‡³ğŸ‡¬	U+1F1F3 U+1F1EC	Nigeria
NI	ğŸ‡³ğŸ‡®	U+1F1F3 U+1F1EE	Nicaragua
NL	ğŸ‡³ğŸ‡±	U+1F1F3 U+1F1F1	Netherlands
NO	ğŸ‡³ğŸ‡´	U+1F1F3 U+1F1F4	Norway
NP	ğŸ‡³ğŸ‡µ	U+1F1F3 U+1F1F5	Nepal
NR	ğŸ‡³ğŸ‡·	U+1F1F3 U+1F1F7	Nauru
NU	ğŸ‡³ğŸ‡º	U+1F1F3 U+1F1FA	Niue
NZ	ğŸ‡³ğŸ‡¿	U+1F1F3 U+1F1FF	NewZealand
OM	ğŸ‡´ğŸ‡²	U+1F1F4 U+1F1F2	Oman
PA	ğŸ‡µğŸ‡¦	U+1F1F5 U+1F1E6	Panama
PE	ğŸ‡µğŸ‡ª	U+1F1F5 U+1F1EA	Peru
PF	ğŸ‡µğŸ‡«	U+1F1F5 U+1F1EB	FrenchPolynesia
PG	ğŸ‡µğŸ‡¬	U+1F1F5 U+1F1EC	PapuaNewGuinea
PH	ğŸ‡µğŸ‡­	U+1F1F5 U+1F1ED	Philippines
PK	ğŸ‡µğŸ‡°	U+1F1F5 U+1F1F0	Pakistan
PL	ğŸ‡µğŸ‡±	U+1F1F5 U+1F1F1	Poland
PM	ğŸ‡µğŸ‡²	U+1F1F5 U+1F1F2	SaintPierreandMiquelon
PN	ğŸ‡µğŸ‡³	U+1F1F5 U+1F1F3	Pitcairn
PR	ğŸ‡µğŸ‡·	U+1F1F5 U+1F1F7	PuertoRico
PS	ğŸ‡µğŸ‡¸	U+1F1F5 U+1F1F8	PalestinianTerritory
PT	ğŸ‡µğŸ‡¹	U+1F1F5 U+1F1F9	Portugal
PW	ğŸ‡µğŸ‡¼	U+1F1F5 U+1F1FC	Palau
PY	ğŸ‡µğŸ‡¾	U+1F1F5 U+1F1FE	Paraguay
QA	ğŸ‡¶ğŸ‡¦	U+1F1F6 U+1F1E6	Qatar
RE	ğŸ‡·ğŸ‡ª	U+1F1F7 U+1F1EA	RÃ©union
RO	ğŸ‡·ğŸ‡´	U+1F1F7 U+1F1F4	Romania
RS	ğŸ‡·ğŸ‡¸	U+1F1F7 U+1F1F8	Serbia
RU	ğŸ‡·ğŸ‡º	U+1F1F7 U+1F1FA	Russia
RW	ğŸ‡·ğŸ‡¼	U+1F1F7 U+1F1FC	Rwanda
SA	ğŸ‡¸ğŸ‡¦	U+1F1F8 U+1F1E6	SaudiArabia
SB	ğŸ‡¸ğŸ‡§	U+1F1F8 U+1F1E7	SolomonIslands
SC	ğŸ‡¸ğŸ‡¨	U+1F1F8 U+1F1E8	Seychelles
SD	ğŸ‡¸ğŸ‡©	U+1F1F8 U+1F1E9	Sudan
SE	ğŸ‡¸ğŸ‡ª	U+1F1F8 U+1F1EA	Sweden
SG	ğŸ‡¸ğŸ‡¬	U+1F1F8 U+1F1EC	Singapore
SH	ğŸ‡¸ğŸ‡­	U+1F1F8 U+1F1ED	SaintHelena,AscensionandTristanDaCunha
SI	ğŸ‡¸ğŸ‡®	U+1F1F8 U+1F1EE	Slovenia
SJ	ğŸ‡¸ğŸ‡¯	U+1F1F8 U+1F1EF	SvalbardandJanMayen
SK	ğŸ‡¸ğŸ‡°	U+1F1F8 U+1F1F0	Slovakia
SL	ğŸ‡¸ğŸ‡±	U+1F1F8 U+1F1F1	SierraLeone
SM	ğŸ‡¸ğŸ‡²	U+1F1F8 U+1F1F2	SanMarino
SN	ğŸ‡¸ğŸ‡³	U+1F1F8 U+1F1F3	Senegal
SO	ğŸ‡¸ğŸ‡´	U+1F1F8 U+1F1F4	Somalia
SR	ğŸ‡¸ğŸ‡·	U+1F1F8 U+1F1F7	Suriname
SS	ğŸ‡¸ğŸ‡¸	U+1F1F8 U+1F1F8	SouthSudan
ST	ğŸ‡¸ğŸ‡¹	U+1F1F8 U+1F1F9	SaoTomeandPrincipe
SV	ğŸ‡¸ğŸ‡»	U+1F1F8 U+1F1FB	ElSalvador
SX	ğŸ‡¸ğŸ‡½	U+1F1F8 U+1F1FD	SintMaarten(DutchPart)
SY	ğŸ‡¸ğŸ‡¾	U+1F1F8 U+1F1FE	SyrianArabRepublic
SZ	ğŸ‡¸ğŸ‡¿	U+1F1F8 U+1F1FF	Swaziland
TC	ğŸ‡¹ğŸ‡¨	U+1F1F9 U+1F1E8	TurksandCaicosIslands
TD	ğŸ‡¹ğŸ‡©	U+1F1F9 U+1F1E9	Chad
TF	ğŸ‡¹ğŸ‡«	U+1F1F9 U+1F1EB	FrenchSouthernTerritories
TG	ğŸ‡¹ğŸ‡¬	U+1F1F9 U+1F1EC	Togo
TH	ğŸ‡¹ğŸ‡­	U+1F1F9 U+1F1ED	Thailand
TJ	ğŸ‡¹ğŸ‡¯	U+1F1F9 U+1F1EF	Tajikistan
TK	ğŸ‡¹ğŸ‡°	U+1F1F9 U+1F1F0	Tokelau
TL	ğŸ‡¹ğŸ‡±	U+1F1F9 U+1F1F1	Timor-Leste
TM	ğŸ‡¹ğŸ‡²	U+1F1F9 U+1F1F2	Turkmenistan
TN	ğŸ‡¹ğŸ‡³	U+1F1F9 U+1F1F3	Tunisia
TO	ğŸ‡¹ğŸ‡´	U+1F1F9 U+1F1F4	Tonga
TR	ğŸ‡¹ğŸ‡·	U+1F1F9 U+1F1F7	Turkey
TT	ğŸ‡¹ğŸ‡¹	U+1F1F9 U+1F1F9	TrinidadandTobago
TV	ğŸ‡¹ğŸ‡»	U+1F1F9 U+1F1FB	Tuvalu
TW	ğŸ‡¹ğŸ‡¼	U+1F1F9 U+1F1FC	Taiwan
TZ	ğŸ‡¹ğŸ‡¿	U+1F1F9 U+1F1FF	Tanzania
UA	ğŸ‡ºğŸ‡¦	U+1F1FA U+1F1E6	Ukraine
UG	ğŸ‡ºğŸ‡¬	U+1F1FA U+1F1EC	Uganda
UM	ğŸ‡ºğŸ‡²	U+1F1FA U+1F1F2	UnitedStatesMinorOutlyingIslands
US	ğŸ‡ºğŸ‡¸	U+1F1FA U+1F1F8	UnitedStates
UY	ğŸ‡ºğŸ‡¾	U+1F1FA U+1F1FE	Uruguay
UZ	ğŸ‡ºğŸ‡¿	U+1F1FA U+1F1FF	Uzbekistan
VA	ğŸ‡»ğŸ‡¦	U+1F1FB U+1F1E6	VaticanCity
VC	ğŸ‡»ğŸ‡¨	U+1F1FB U+1F1E8	SaintVincentandTheGrenadines
VE	ğŸ‡»ğŸ‡ª	U+1F1FB U+1F1EA	Venezuela
VG	ğŸ‡»ğŸ‡¬	U+1F1FB U+1F1EC	VirginIslands,British
VI	ğŸ‡»ğŸ‡®	U+1F1FB U+1F1EE	VirginIslands,U.S.
VN	ğŸ‡»ğŸ‡³	U+1F1FB U+1F1F3	VietNam
VU	ğŸ‡»ğŸ‡º	U+1F1FB U+1F1FA	Vanuatu
WF	ğŸ‡¼ğŸ‡«	U+1F1FC U+1F1EB	WallisandFutuna
WS	ğŸ‡¼ğŸ‡¸	U+1F1FC U+1F1F8	Samoa
YE	ğŸ‡¾ğŸ‡ª	U+1F1FE U+1F1EA	Yemen
YT	ğŸ‡¾ğŸ‡¹	U+1F1FE U+1F1F9	Mayotte
ZA	ğŸ‡¿ğŸ‡¦	U+1F1FF U+1F1E6	SouthAfrica
ZM	ğŸ‡¿ğŸ‡²	U+1F1FF U+1F1F2	Zambia
ZW	ğŸ‡¿ğŸ‡¼	U+1F1FF U+1F1FC	Zimbabwe
